"key","type","en","bg","br","cn","cz","de","dk","ee","es","fi","fr","gr","hr","hu","it","jp","lt","lu","lv","nl","pl","pt","ro","rs","ru","se","si","sk","tr","ua"
"INTL_LANG","define","EN","BG","BR","CN","CZ","DE","DK","EE","ES","FI","FR","GR","HR","HU","IT","JP","LT","LU","LV","NL","PL","PT","RO","RS","RU","SE","SI","SK","TR","UA"
"INTL_PM_SENSOR","define","Particulate matter sensor","Сензор за прахови частици","Sensor de partículas finas","颗粒物传感器","Senzor prachových částic","Feinstaubsensor","Partikelsensor","Tahkete osakeste sensor","Sensor de partículas finas","Hiukkasanturi","Détecteur de particules fines","Αισθητήρας σωματιδίων","Senzor čestica","Szálló por szenzor","Sensore polveri sottili","粒子状物質センサー","Kietųjų dalelių jutiklis","Reng Stëbspartikelensensor","Cieto daļiņu sensors","Fijnstofsensor","Czujnik pyłu zawieszonego","Sensor de partículas finas","Senzor de particule în suspensie","Senzor suspendovanih čestica","Датчик твердых мелкодисперсных частиц","Partikelsensor","Senzor za trdne delce","Senzor prachových častíc","Hava Kirliliği (Ince Toz) Ölçüm sensörü","Вимірювач дрібних часток"
"INTL_CONFIGURATION","const","Configuration","Конфигурация","Configuração","配置","Konfigurace","Konfiguration","Opsætning","Konfiguratsioon","Configuración","Konfigurointi","Configuration","Διαμόρφωση","Konfiguracija","Konfiguráció","Configurazione","構成","Konfigūracija","Konfiguratioun","Konfigurācija","Configuratie","Konfiguracja","Configuração","Configurație","Konfiguracija","Конфигурация","Inställningar","Konfiguracija","Konfigurácia","Yapılandırma","Налаштування"
"INTL_WIFI_SETTINGS","define","WiFi Settings","Настройки за WiFi","Configuracões de Wi-Fi","WiFi设置","Nastavení Wi-Fi","WLAN Daten","Wi-Fi indstillinger","WiFi seaded","Configuración WiFi","WiFi-asetukset","Paramètres wifi","Ρυθμίσεις WiFi","WiFi postavke","WiFi beállítások","Impostazioni Wifi","WiFi設定","WiFi nustatymai","WiFi Daten","Wi-Fi iestatījumi","WiFi-instellingen","Ustawienia WiFi","Configuração WiFi","Setări WiFi","WiFi podešavanja","Доступы к локальной сети Wi-Fi","WLAN konfiguration","Nastavitve WiFi","Nastavenie WiFi","WiFi bağlantı ayarları","Параметри WiFi"
"INTL_WIFI_NETWORKS","define","Loading wifi networks ...","Зареждането WiFi мрежи ...","Carregando redes Wi-Fi","加载wifi网络...","Vyhledávání Wi-Fi sítí ...","Lade WLAN Netzwerke ...","Leder efter Wi-Fi netværk...","Wifi võrkude laadimine ...","Carga de redes wifi ...","Wlan-verkkojen lataaminen ...","Chargement des réseaux wifi ...","Φόρτωση δικτύων wifi ...","Učitavanje wifi mreža ...","WiFi hálózatok keresése...","Ricarica reti wifi ...","wifiネットワークをロード中 ...","WiFi tinklų įkėlimas ...","WiFi Netzwierker lueden ...","Wifi tīklu ielāde ...","Zoeken naar WiFi-netwerken ...","Ładowanie sieci WiFi...","A carregar redes WiFi ...","Încărcare rețele wifi ...","Učitavanje WiFi mreža ...","Загрузить сети Wi-Fi ...","Laddar trådlösa nätverk...","Nalaganje omrežij wifi ...","Vyhľadávanie WiFi sieti..."," wifi ağlar yükleniyor ...","Пошук WiFi мереж..."
"INTL_LANGUAGE","define","Language","Език","Idioma","语种","Jazyk","Sprache","Sprog","Keel","Idioma","Kieli","Langage","Γλώσσα","Jezik","Nyelv","Lingua","言語","Kalba","Sprooch","Valoda","Taal","Język","Idioma","Limba","Jezik","Язык","Språk","Jezik","Jazyk","Lisan","Мова"
"INTL_NO_NETWORKS","const","No WiFi Network Found","Няма намерени мрежи","Redes Wi-Fi não detectadas","没有找到WiFi网络","Žádné Wi-Fi sítě v dosahu.","Keine Netzwerke gefunden","Ingen netværk fundet","WiFi võrku ei leitud","Red WiFi no detectada","WiFi-verkkoa ei löydy","Pas de réseau wifi","Δεν βρέθηκε δίκτυο WiFi","WiFi mreža nije pronađena","Nem találtam WiFi hálózatot","Nessuna rete WiFi trovata","WiFiネットワークが見つからない","Nerastas WiFi tinklas","Keng Netzwierker fonnt","Wi-Fi tīkls nav atrasts","Geen WiFi-netwerk gevonden","Nie znaleziono sieci WiFi","Redes WiFi não detetadas","Nu s-a găsit nicio rețea WiFi","Nije pronađena WiFi mreža","Cетей не найдено","Inga nätverk hittades","Omrežje WiFi ni bilo najdeno","Žiadne WiFi siete v dosahu.","No WiFi-Ağ Bulunamadı","Не знайдено жодної Wifi мережі"
"INTL_NETWORKS_FOUND","const","Found Networks: ","Намерени мрежи: ","Redes encontradas","发现网络。","Dostupné sítě: ","Netzwerke gefunden: ","Netværker fundet: ","Leitud võrgustikud:","Redes encontradas: ","Löydetyt verkostot:","Réseaux détectés: ","Βρέθηκαν δίκτυα:","Pronađene mreže: ","Talált WiFi hálózatok:","Reti trovate: ","ネットワークを発見。","Rasti tinklai:","Netzwierker fonnt: ","Atrastie tīkli:","Netwerk gevonden: ","Znalezione sieci: ","Redes encontradas: ","Rețele găsite:","Pronađene mreže: ","Найденые сети: ","Nätverk hittades: ","Najdena omrežja:","Dostupné siete: ","Bulunan Ağlar: ","Знайдені мережі"
"INTL_AB_HIER_NUR_ANDERN","const","Advanced settings (оnly if you know what you are doing)","Разширени настройки (само ако знаете какво правите)","Configuracões avançadas (apenas se sabe o que está fazendo)","高级设置（仅在您知道自己在做什么的情况下）。","Rozšířené nastavení (jen pokud víte, co děláte)","Ab hier nur ändern, wenn Sie wirklich wissen, was Sie tun","Ændr følgende kun hvis du ved hvad du laver","Täiustatud seaded (ainult siis, kui teate, mida teete)","Configuración avanzada (solo si sabes que lo que estas haciendo)","Lisäasetukset (vain jos tiedät, mitä teet)","Paramètres avancés (seulement si vous savez ce que vous faites)","Ρυθμίσεις για προχωρημένους (μόνο αν ξέρετε τι κάνετε)","Napredne postavke","Haladó beállítások (csak, ha tudod mit csinálsz)","Impostazioni avanzate (solo se sai quello che stai facendo)","高度な設定（何をしているか分かっている場合のみ","Išplėstiniai nustatymai (tik jei žinote, ką darote)","Ab hei nëmmen änneren, wann der wësst wat dir maacht","Uzlabotie iestatījumi (tikai tad, ja zināt, ko darāt)","Geavanceerde instellingen (enkel als je weet wat je doet)","Ustawienia zaawansowane (tylko gdy wiesz co robisz)","Configuração avançada (apenas se sabe o que está a fazer)","Setări avansate (numai dacă știți ce faceți)","Napredna podešavanja (samo ako znate šta radite)","Изменяйте значения ниже если действительно знаете что делаете","Ändra nedanför enbart om du verkligen vet vad du gör","Napredne nastavitve (samo če veste, kaj počnete)","Pokročilé nastavenia (iba ak viete, čo robíte)","Ileri ayarlar: (Uzmanlar için)","Експертні параметри (тільки якщо ви розумієте, що робите)"
"INTL_SAVE","const","Save","Запиши","Salvar","保存","Uložit","Speichern","Gem","Salvesta","Guardar","Tallenna","Enregistrer","Αποθήκευση","Spremi","Mentés","Salvare","保存","Išsaugoti","Späicheren","Saglabāt","Opslaan","Zapisz","Guardar","Salvați","Sačuvaj","Сохранить","Spara","Shrani","Uložiť","Sakla","Зберегти"
"INTL_SENSORS","const","Sensors","Сензори","Sensores","传感器","Moduly (čidla)","Sensoren","Sensorer","Andurid","Sensores","Anturit","Capteurs","Αισθητήρες","Senzori","Szenzorok","Sensori","センサー","Jutikliai","Sensoren","Sensori","Sensoren","Sensory","Sensores","Senzori","Senzori","Датчики","Sensorer","Senzorji","Senzory (čidlá)","Sensörler","Сенсори"
"INTL_MORE_SENSORS","const","More Sensors","Още Сензори","Outros Sensores","更多传感器","Více čidel","Weitere Sensoren","More Sensorer","Rohkem andureid","Más sensores","Lisää antureita","Autres capteurs","Περισσότεροι αισθητήρες","Više senzora","További Szenzorok","Altri Sensori","その他のセンサー","Daugiau jutiklių","Aner Sensoren","Vairāk sensoru","Overige sensoren","Więcej sensorów","Outros sensores","Mai mulți senzori","Više senzora","Иные датчики","More Sensors","Več senzorjev","Ďalšie senzory (čidlá)","More Sensors","More Sensors"
"INTL_SDS011","const","SDS011 ({pm})","SDS011 ({pm})","SDS011 ({pm})","SDS011({pm})","SDS011 (modul {pm})","SDS011 ({pm})","SDS011 ({pm})","SDS011 ({pm})","SDS011 ({pm})","SDS011 ({pm})","SDS011 ({pm})","SDS011 ({pm})","SDS011 ({pm})","SDS011 ({pm})","SDS011 ({pm})","SDS011 ({pm})","SDS011 ({pm})","SDS011 ({pm})","SDS011 ({pm})","SDS011 ({pm})","SDS011 ({pm})","SDS011 ({pm})","SDS011 ({pm})","SDS011 ({pm})","SDS011 ({pm})","SDS011 ({pm})","SDS011 ({pm})","SDS011 (modul {pm})","SDS011 ({pm})","SDS011 ({pm})"
"INTL_PMS","const","Plantower PMS(1,3,5,6,7)003 ({pm})","Plantower PMS(1,3,5,6,7)003 ({pm})","Plantower PMS(1,3,5,6,7)003 ({pm})","Plantower PMS(1,3,5,6,7)003 ({pm})","Plantower PMS(1,3,5,6,7)003 (modul {pm})","Plantower PMS(1,3,5,6,7)003 ({pm})","Plantower PMS(1,3,5,6,7)003 ({pm})","Plantower PMS(1,3,5,6,7)003 ({pm})","Plantower PMS(1,3,5,6,7)003 ({pm})","Plantower PMS(1,3,5,6,7)003 ({pm})","Plantower PMS(1,3,5,6,7)003 ({pm})","Plantower PMS(1,3,5,6,7)003 ({pm})","Plantower PMS(1,3,5,6,7)003 ({pm})","Plantower PMS(1,3,5,6,7)003 ({pm})","Plantower PMS(1,3,5,6,7)003 ({pm})","Plantower PMS(1,3,5,6,7)003 ({pm})","Plantower PMS(1,3,5,6,7)003 ({pm})","Plantower PMS(1,3,5,6,7)003 ({pm})","Plantower PMS(1,3,5,6,7)003 ({pm})","Plantower PMS(1,3,5,6,7)003 ({pm})","Plantower PMS(1,3,5,6,7)003 ({pm})","Plantower PMS(1,3,5,6,7)003 ({pm})","Plantower PMS(1,3,5,5,6,7)003 ({pm})","Plantower PMS(1,3,5,6,7)003 ({pm})","Plantower PMS(1,3,5,6,7)003 ({pm})","Plantower PMS(1,3,5,6,7)003 ({pm})","Rastlinjak PMS(1,3,5,6,7)003 ({pm})","Plantower PMS(1,3,5,6,7)003 (modul {pm})","Plantower PMS(1,3,5,6,7)003 ({pm})","Plantower PMS(1,3,5,6,7)003 ({pm})"
"INTL_HPM","const","Honeywell PM ({pm})","Honeywell сензора за прахови частици","Honeywell PM ({pm})","Honeywell PM ({pm})","Honeywell PM ({pm})","Honeywell PM ({pm})","Honeywell PM ({pm})","Honeywell PM ({pm})","Honeywell sensor de partículas finas","Honeywell PM ({pm})","Honeywell détecteur de particules fines","Honeywell PM ({pm})","Honeywell PM ({pm})","Honeywell PM szenzor","Honeywell sensore polveri sottili","Honeywell PM ({pm})","Honeywell PM ({pm})","Honeywell PM ({pm})","Honeywell PM ({pm})","Honeywell PM ({pm})","Honeywell ({pm})","Honeywell sensor de partículas finas","Honeywell PM ({pm})","Honeywell PM ({pm})","Honeywell PM ({pm})","Honeywell PM ({pm})","Honeywell PM ({pm})","Honeywell PM ({pm})","Honeywell PM ({pm})","Honeywell PM ({pm})"
"INTL_NPM","const","Tera Sensor Next PM ({pm})","Tera Sensor Next PM ({pm})","Tera Sensor Next PM ({pm})","Tera传感器下一个PM({pm})","Tera Sensor Next PM ({pm})","Tera Sensor Next PM ({pm})","Tera Sensor Next PM ({pm})","Tera Sensor Järgmine PM ({pm})","Tera Sensor Next PM ({pm})","Tera Sensor Seuraava PM ({pm})","Tera Sensor Next PM ({pm})","Αισθητήρας Tera Next PM ({pm})","Tera Sensor Next PM ({pm})","Tera Sensor Next PM ({pm})","Tera Sensor Next PM ({pm})","Tera Sensor Next PM ({pm})","Tera Sensor Next PM ({pm})","Tera Sensor Next PM ({pm})","Tera Sensor Next PM ({pm})","Tera Sensor Next PM ({pm})","Tera Sensor Next PM ({pm})","Tera Sensor Next PM ({pm})","Tera Sensor Next PM ({pm})","Tera Sensor Next PM ({pm})","Tera Sensor Next PM ({pm})","Tera Sensor Next PM ({pm})","Senzor Tera Naslednji PM ({pm})","Tera Sensor Next PM ({pm})","Tera Sensor Next PM ({pm})","Tera Sensor Next PM ({pm})"
"INTL_NPM_FULLTIME","const","Next PM fulltime","Next PM fulltime","Next PM fulltime","Next PM fulltime","Next PM fulltime","Next PM fulltime","Next PM fulltime","Next PM fulltime","Next PM fulltime","Next PM fulltime","Next PM permanent","Next PM fulltime","Next PM fulltime","Next PM fulltime","Next PM fulltime","Next PM fulltime","Next PM fulltime","Next PM fulltime","Next PM fulltime","Next PM fulltime","Next PM fulltime","Next PM fulltime","Next PM fulltime","Next PM fulltime","Next PM fulltime","Next PM fulltime","Next PM fulltime","Next PM fulltime","Next PM fulltime","Next PM fulltime"
"INTL_IPS","const","Piera Systems IPS-7100 ({pm})","Piera Systems IPS-7100 ({pm})","Piera Systems IPS-7100 ({pm})","Piera Systems IPS-7100 ({pm})","Piera Systems IPS-7100 ({pm})","Piera Systems IPS-7100 ({pm})","Piera Systems IPS-7100 ({pm})","Piera Systems IPS-7100 ({pm})","Piera Systems IPS-7100 ({pm})","Piera Systems IPS-7100 ({pm})","Piera Systems IPS-7100 ({pm})","Piera Systems IPS-7100 ({pm})","Piera Systems IPS-7100 ({pm})","Piera Systems IPS-7100 ({pm})","Piera Systems IPS-7100 ({pm})","Piera Systems IPS-7100 ({pm})","Piera Systems IPS-7100 ({pm})","Piera Systems IPS-7100 ({pm})","Piera Systems IPS-7100 ({pm})","Piera Systems IPS-7100 ({pm})","Piera Systems IPS-7100 ({pm})","Piera Systems IPS-7100 ({pm})","Piera Systems IPS-7100 ({pm})","Piera Systems IPS-7100 ({pm})","Piera Systems IPS-7100 ({pm})","Piera Systems IPS-7100 ({pm})","Piera Systems IPS-7100 ({pm})","Piera Systems IPS-7100 ({pm})","Piera Systems IPS-7100 ({pm})","Piera Systems IPS-7100 ({pm})"
"INTL_SPS30","const","Sensirion SPS30 ({pm})","Sensirion SPS30 ({pm})","Sensirion SPS30 ({pm})","Sensirion SPS30 ({pm})","Sensirion SPS30 ({pm})","Sensirion SPS30 ({pm})","Sensirion SPS30 ({pm})","Sensirion SPS30 ({pm})","Sensirion SPS30 ({pm})","Sensirion SPS30 ({pm})","Sensirion SPS30 ({pm})","Sensirion SPS30 ({pm})","Sensirion SPS30 ({pm})","Sensirion SPS30 ({pm})","Sensirion SPS30 ({pm})","Sensirion SPS30 ({pm})","Sensirion SPS30 ({pm})","Sensirion SPS30 ({pm})","Sensirion SPS30 ({pm})","Sensirion SPS30 ({pm})","Sensirion SPS30 ({pm})","Sensirion SPS30 ({pm})","Sensirion SPS30 ({pm})","Sensirion SPS30 ({pm})","Sensirion SPS30 ({pm})","Sensirion SPS30 ({pm})","Sensirion SPS30 ({pm})","Sensirion SPS30 ({pm})","Sensirion SPS30 ({pm})","Sensirion SPS30 ({pm})"
"INTL_PPD42NS","const","PPD42NS ({pm})","PPD42NS ({pm})","PPD42NS ({pm})","PPD42NS({pm})","PPD42NS ({pm})","PPD42NS ({pm})","PPD42NS ({pm})","PPD42NS ({pm})","PPD42NS ({pm})","PPD42NS ({pm})","PPD42NS ({pm})","PPD42NS ({pm})","PPD42NS ({pm})","PPD42NS ({pm})","PPD42NS ({pm})","PPD42NS ({pm})","PPD42NS ({pm})","PPD42NS ({pm})","PPD42NS ({pm})","PPD42NS ({pm})","PPD42NS ({pm})","PPD42NS ({pm})","PPD42NS ({pm})","PPD42NS ({pm})","PPD42NS ({pm})","PPD42NS ({pm})","PPD42NS ({pm})","PPD42NS ({pm})","PPD42NS ({pm})","PPD42NS ({pm})"
"INTL_DHT22","const","DHT22 ({t}, {h})","DHT22 ({t}, {h})","DHT22 ({t}, {h})","DHT22 ({t}, {h})","DHT22 ({t}, {h})","DHT22 ({t}, {h})","DHT22 ({t}, {h})","DHT22 ({t}, {h})","DHT22 ({t}, {h})","DHT22 ({t}, {h})","DHT22 ({t}, {h})","DHT22 ({t}, {h})","DHT22 ({t}, {h})","DHT22 ({t}, {h})","DHT22 ({t}, {h})","DHT22 ({t}, {h})","DHT22 ({t}, {h})","DHT22 ({t}, {h})","DHT22 ({t}, {h})","DHT22 ({t}, {h})","DHT22 ({t}, {h})","DHT22 ({t}, {h})","DHT22 ({t}, {h})","DHT22 ({t}, {h})","DHT22 ({t}, {h})","DHT22 ({t}, {h})","DHT22 ({t}, {h})","DHT22 ({t}, {h})","DHT22 ({t}, {h})","DHT22 ({t}, {h})"
"INTL_HTU21D","const","HTU21D ({t}, {h})","HTU21D ({t}, {h})","HTU21D ({t}, {h})","HTU21D ({t}, {h})","HTU21D ({t}, {h})","HTU21D ({t}, {h})","HTU21D ({t}, {h})","HTU21D ({t}, {h})","HTU21D ({t}, {h})","HTU21D ({t}, {h})","HTU21D ({t}, {h})","HTU21D ({t}, {h})","HTU21D ({t}, {h})","HTU21D ({t}, {h})","HTU21D ({t}, {h})","HTU21D ({t}, {h})","HTU21D ({t}, {h})","HTU21D ({t}, {h})","HTU21D ({t}, {h})","HTU21D ({t}, {h})","HTU21D ({t}, {h})","HTU21D ({t}, {h})","HTU21D ({t}, {h})","HTU21D ({t}, {h})","HTU21D ({t}, {h})","HTU21D ({t}, {h})","HTU21D ({t}, {h})","HTU21D ({t}, {h})","HTU21D ({t}, {h})","HTU21D ({t}, {h})"
"INTL_AHT20","const","AHT20 ({t}, {h})","AHT20 ({t}, {h})","AHT20 ({t}, {h})","AHT20 ({t}, {h})","AHT20 ({t}, {h})","AHT20 ({t}, {h})","AHT20 ({t}, {h})","AHT20 ({t}, {h})","AHT20 ({t}, {h})","AHT20 ({t}, {h})","AHT20 ({t}, {h})","AHT20 ({t}, {h})","AHT20 ({t}, {h})","AHT20 ({t}, {h})","AHT20 ({t}, {h})","AHT20 ({t}, {h})","AHT20 ({t}, {h})","AHT20 ({t}, {h})","AHT20 ({t}, {h})","AHT20 ({t}, {h})","AHT20 ({t}, {h})","AHT20 ({t}, {h})","AHT20 ({t}, {h})","AHT20 ({t}, {h})","AHT20 ({t}, {h})","AHT20 ({t}, {h})","AHT20 ({t}, {h})","AHT20 ({t}, {h})","AHT20 ({t}, {h})","AHT20 ({t}, {h})"
"INTL_BMP180","const","BMP180 ({t}, {p})","BMP180 ({t}, {p})","BMP180 ({t}, {p})","BMP180 ({t}, {p})","BMP180 ({t}, {p})","BMP180 ({t}, {p})","BMP180 ({t}, {p})","BMP180 ({t}, {p})","BMP180 ({t}, {p})","BMP180 ({t}, {p})","BMP180 ({t}, {p})","BMP180 ({t}, {p})","BMP180 ({t}, {p})","BMP180 ({t}, {p})","BMP180 ({t}, {p})","BMP180 ({t}, {p})","BMP180 ({t}, {p})","BMP180 ({t}, {p})","BMP180 ({t}, {p})","BMP180 ({t}, {p})","BMP180 ({t}, {p})","BMP180 ({t}, {p})","BMP180 ({t}, {p})","BMP180 ({t}, {p})","BMP180 ({t}, {p})","BMP180 ({t}, {p})","BMP180 ({t}, {p})","BMP180 ({t}, {p})","BMP180 ({t}, {p})","BMP180 ({t}, {p})"
"INTL_BMX280","const","BME280 ({t}, {h}, {p}), BMP280 ({t}, {p})","BME280 ({t}, {h}, {p}), BMP280 ({t}, {p})","BME280 ({t}, {h}, {p}), BMP280 ({t}, {p})","BME280 ({t}, {h}, {p}), BMP280 ({t}, {p})","BME280 ({t}, {h}, {p}), BMP280 ({t}, {p})","BME280 ({t}, {h}, {p}), BMP280 ({t}, {p})","BME280 ({t}, {h}, {p}), BMP280 ({t}, {p})","BME280 ({t}, {h}, {p}), BMP280 ({t}, {p})","BME280 ({t}, {h}, {p}), BMP280 ({t}, {p})","BME280 ({t}, {h}, {p}), BMP280 ({t}, {p}).","BME280 ({t}, {h}, {p}), BMP280 ({t}, {p})","BME280 ({t}, {h}, {p}), BMP280 ({t}, {p})","BME280 ({t}, {h}, {p}), BMP280 ({t}, {p})","BME280 ({t}, {h}, {p}), BMP280 ({t}, {p})","BME280 ({t}, {h}, {p}), BMP280 ({t}, {p})","BME280 ({t}, {h}, {p}), BMP280 ({t}, {p})","BME280 ({t}, {h}, {p}), BMP280 ({t}, {p})","BME280 ({t}, {h}, {p}), BMP280 ({t}, {p})","BME280 ({t}, {h}, {p}), BMP280 ({t}, {p})","BME280 ({t}, {h}, {p}), BMP280 ({t}, {p})","BME280 ({t}, {h}, {p}), BMP280 ({t}, {p})","BME280 ({t}, {h}, {p}), BMP280 ({t}, {p})","BME280 ({t}, {h}, {p}), BMP280 ({t}, {p})","BME280 ({t}, {h}, {p}), BMP280 ({t}, {p})","BME280 ({t}, {h}, {p}), BMP280 ({t}, {p})","BME280 ({t}, {h}, {p}), BMP280 ({t}, {p})","BME280 ({t}, {h}, {p}), BMP280 ({t}, {p})","BME280 ({t}, {h}, {p}), BMP280 ({t}, {p})","BME280 ({t}, {h}, {p}), BMP280 ({t}, {p})","BME280 ({t}, {h}, {p}), BMP280 ({t}, {p})"
"INTL_SHT3X","const","SHT3X ({t}, {h})","SHT3X ({t}, {h})","SHT3X ({t}, {h})","SHT3X ({t}, {h})","SHT3X ({t}, {h})","SHT3X ({t}, {h})","SHT3X ({t}, {h})","SHT3X ({t}, {h})","SHT3X ({t}, {h})","SHT3X ({t}, {h})","SHT3X ({t}, {h})","SHT3X ({t}, {h})","SHT3X ({t}, {h})","SHT3X ({t}, {h})","SHT3X ({t}, {h})","SHT3X ({t}, {h})","SHT3X ({t}, {h})","SHT3X ({t}, {h})","SHT3X ({t}, {h})","SHT3X ({t}, {h})","SHT3X ({t}, {h})","SHT3X ({t}, {h})","SHT3X ({t}, {h})","SHT3X ({t}, {h})","SHT3X ({t}, {h})","SHT3X ({t}, {h})","SHT3X ({t}, {h})","SHT3X ({t}, {h})","SHT3X ({t}, {h})","SHT3X ({t}, {h})"
"INTL_SCD30","const","SCD30 ({t}, {h}, CO₂)","SCD30 ({t}, {h}, CO₂)","SCD30 ({t}, {h}, CO₂)","SCD30 ({t}, {h}, CO₂)","SCD30 ({t}, {h}, CO₂)","SCD30 ({t}, {h}, CO₂)","SCD30 ({t}, {h}, CO₂)","SCD30 ({t}, {h}, CO₂)","SCD30 ({t}, {h}, CO₂)","SCD30 ({t}, {h}, CO₂)","SCD30 ({t}, {h}, CO₂)","SCD30 ({t}, {h}, CO₂)","SCD30 ({t}, {h}, CO₂)","SCD30 ({t}, {h}, CO₂)","SCD30 ({t}, {h}, CO₂)","SCD30 ({t}, {h}, CO₂)","SCD30 ({t}, {h}, CO₂)","SCD30 ({t}, {h}, CO₂)","SCD30 ({t}, {h}, CO₂)","SCD30 ({t}, {h}, CO₂)","SCD30 ({t}, {h}, CO₂)","SCD30 ({t}, {h}, CO₂)","SCD30 ({t}, {h}, CO₂)","SCD30 ({t}, {h}, CO₂)","SCD30 ({t}, {h}, CO₂)","SCD30 ({t}, {h}, CO₂)","SCD30 ({t}, {h}, CO₂)","SCD30 ({t}, {h}, CO₂)","SCD30 ({t}, {h}, CO₂)","SCD30 ({t}, {h}, CO₂)"
"INTL_DS18B20","const","DS18B20 ({t})","DS18B20 ({t})","DS18B20 ({t})","DS18B20({t})","DS18B20 ({t})","DS18B20 ({t})","DS18B20 ({t})","DS18B20 ({t})","DS18B20 ({t})","DS18B20 ({t})","DS18B20 ({t})","DS18B20 ({t})","DS18B20 ({t})","DS18B20 ({t})","DS18B20 ({t})","DS18B20 ({t})","DS18B20 ({t})","DS18B20 ({t})","DS18B20 ({t})","DS18B20 ({t})","DS18B20 ({t})","DS18B20 ({t})","DS18B20 ({t})","DS18B20 ({t})","DS18B20 ({t})","DS18B20 ({t})","DS18B20 ({t})","DS18B20 ({t})","DS18B20 ({t})","DS18B20 ({t})"
"INTL_DNMS","const","DNMS ({l_a})","DNMS ({l_a})","DNMS ({l_a})","DNMS({l_a})","DNMS ({l_a})","DNMS ({l_a})","DNMS ({l_a})","DNMS ({l_a})","DNMS ({l_a})","DNMS ({l_a})","DNMS ({l_a})","DNMS ({l_a})","DNMS ({l_a})","DNMS ({l_a})","DNMS ({l_a})","DNMS ({l_a})","DNMS ({l_a})","DNMS ({l_a})","DNMS ({l_a})","DNMS ({l_a})","DNMS ({l_a})","DNMS ({l_a})","DNMS ({l_a})","DNMS ({l_a})","DNMS ({l_a})","DNMS ({l_a})","DNMS ({l_a})","DNMS ({l_a})","DNMS ({l_a})","DNMS ({l_a})"
"INTL_DNMS_CORRECTION","const","correction in dB(A)","корекция в dB (A)","Valor de correção em dB(A)","修正，单位：dB(A)","Korekce v dB (A)","Korrekturwert&nbsp;in&nbsp;dB(A)","korrektion i dB (A)","korrektsioon dB(A)","Corrección en dB (A)","korjaus dB(A)","Valeur corrigée en dB(A)","διόρθωση σε dB(A)","ispravak u dB(A)","korrekció dB(A)-ben","Correzione in dB(A)","補正量（単位：dB(A)","korekcija dB(A)","Korrekturwärt&nbsp;an&nbsp;dB(A)","korekcija dB(A)","Correctie in dB(A)","Poprawka w dB(A)","Valor de correção em dB(A)","corecție în dB(A)","Korekcija u dB(A)","поправка в dB(A)","Korrigering i dB (A)","popravek v dB(A)","korekcia v dB(A)","dB (A) 'da düzeltme","Kорекція в дБ (А)"
"INTL_TEMP_CORRECTION","const","Correction in °C","Корекция в °C","Correção em C°","以℃为单位进行校正","Korekce ve °C","Korrekturwert in °C","Korrektion i °C","Korrektsioon °C","Corrección en °C","Korjaus °C:ssa","Valeur corrigée en °C","Διόρθωση σε °C","ispravak u °C","Korrekció °C","Correzione in °C","補正（単位：°C","Korekcija °C","Korrekturwärt&nbsp;an&nbsp;°C","Korekcija °C","Correctie in °C","Poprawka w °C","Correção em °C","Corecție în °C","Korekcija u °C","Коррекция в °C","Korrigering i °C","Popravek v °C","korekcia v °C","°C olarak düzeltme","Корекція в °C"
"INTL_HEIGHT_ABOVE_SEALEVEL","const","Above sea level (m)","Над морското ниво (м)","[[height_above_sealevel]]","[[height_above_sealevel]]","[[height_above_sealevel]]","Höhe über Meeresspiegel (m)","[[height_above_sealevel]]","[[height_above_sealevel]]","[[height_above_sealevel]]","[[height_above_sealevel]]","Altitude en m","[[height_above_sealevel]]","Iznad razine mora (m)","[[height_above_sealevel]]","[[Altitudine]]","[[height_above_sealevel]]","[[height_above_sealevel]]","[[height_above_sealevel]]","[[height_above_sealevel]]","Hoogte boven zeeniveau (m)","Wysokość m n.p.m.","[[height_above_sealevel]]","[[height_above_sealevel]]","[[height_above_sealevel]]","Высота над уровнем моря (м)","Höjd över havet","[[height_above_sealevel]]","[[height_above_sealevel]]","[[height_above_sealevel]]","Висота над рівнем моря"
"INTL_PRESSURE_AT_SEALEVEL","const","pressure at sea level","Налягане на морското ниво","[[pressure_at_sealevel]]","[[pressure_at_sealevel]]","[[pressure_at_sealevel]]","Luftdruck auf Meereshöhe","[[pressure_at_sealevel]]","[[pressure_at_sealevel]]","[[pressure_at_sealevel]]","[[pressure_at_sealevel]]","Press. atm. au niveau de la mer en hPa","[[pressure_at_sealevel]]","tlak na razini mora","[[pressure_at_sealevel]]","[[Pressione al livello del mare]]","[[pressure_at_sealevel]]","[[pressure_at_sealevel]]","[[pressure_at_sealevel]]","[[pressure_at_sealevel]]","Luchtdruk op zeeniveau","Ciśnienie zredukowane","[[pressure_at_sealevel]]","[[pressure_at_sealevel]]","[[pressure_at_sealevel]]","Давление на уровне моря","Lufttryck vid havsytan","[[pressure_at_sealevel]]","[[pressure_at_sealevel]]","[[pressure_at_sealevel]]","тиск на рівні моря"
"INTL_NEO6M","const","GPS (NEO 6M)","GPS (NEO 6M)","GPS (NEO 6M)","GPS（NEO 6M）","GPS (NEO 6M)","GPS (NEO 6M)","GPS (NEO 6M)","GPS (NEO 6M)","GPS (NEO 6M)","GPS (NEO 6M)","GPS (NEO 6M)","GPS (NEO 6M)","GPS (NEO 6M)","GPS (NEO 6M)","GPS (NEO 6M)","GPS (NEO 6M)","GPS (NEO 6M)","GPS (NEO 6M)","GPS (NEO 6M)","GPS (NEO 6M)","GPS (NEO 6M)","GPS (NEO 6M)","GPS (NEO 6M)","GPS (NEO 6M)","GPS (NEO 6M)","GPS (NEO 6M)","GPS (NEO 6M)","GPS (NEO 6M)","GPS (NEO 6M)","GPS (NEO 6M)"
"INTL_BASICAUTH","const","Authentication","Оторизация","Autorização","认证","Přihlášení","BasicAuth aktivieren","Aktiver BasicAuth","Autentimine","Autorización","Tunnistus","Activer BasicAuth","Αυθεντικοποίηση","Pristupni podaci","Azonosítás","Autorizzazione","認証","Autentiškumo nustatymas","BasicAuth aktivéieren","Autentifikācija","Toegang beperken","Autoryzacja","Autorização","Autentificare","Autorizacija","Активировать аутентификацию для входа в интерфейс сенсора","Aktivera BasicAuth","Preverjanje pristnosti","Prihlásenie (heslom)","yetkilendirme","Авторизація"
"INTL_REPORT_ISSUE","define","Report an issue","Подаване на сигнал за проблем","Reporter um problema","报告问题","Nahlásit problém","Ein Problem melden","Rapporter et problem","Teatage probleemist","Reportar un problema","Ilmoita asiasta","Signaler un problème","Αναφέρετε ένα θέμα","Prijavite problem","Jelents egy hibát","Segnala un problema","問題を報告する","Pranešti apie problemą","E Feeler melden","Ziņot par problēmu","Een probleem melden","Zgłoś problem","Comunicar um problema","Raportați o problemă","Prijavite problem","Сообщить о проблеме","Rapportera ett problem","Prijavite težavo","Report an issue","Sorun bildirin","Повідомте про проблему"
"INTL_FS_WIFI_DESCRIPTION","const","WiFi Sensor in configuration mode","WiFi сензор в режим на конфигуриране","Nome do sensor Wi-Fi em modo de configuração","WiFi传感器在配置模式下","Wi-Fi modul v konfiguračním módu","Sensor WLAN Name im Konfigurationsmodus","Wi-Fi sensor i opsætningsmode","WiFi andur konfigureerimisrežiimis","Sensor WiFi en modo de configuración","WiFi Sensor konfigurointitilassa","Nom du capteur wifi en mode de configuration","Αισθητήρας WiFi σε λειτουργία διαμόρφωσης","WiFi mreža kod instalacije","WiFi Szenzor konfigurációs módban","Sensore WiFi in modalità configurazione","設定モードのWiFiセンサー","WiFi jutiklio konfigūravimo režimas","WiFi Sensor Numm am Konfiguratiounsmodus","WiFi sensors konfigurācijas režīmā","Netwerknaam en -wachtwoord van de fijnstofsensor","Parametry WiFi w trybie konfiguracji czujnika","Nome do sensor WiFi em modo de configuração","Senzorul WiFi în modul de configurare","WiFi senzor u konfiguracionom režimu","Название WiFi устройства в режиме конфигурации","WiFi-sensor i konfigurationsläge","Senzor WiFi v načinu konfiguracije","WiFi modul v konfiguračnom móde","WiFi Sensörü Yapılandırma modunda","WiFi сенсор в режимі конфігурації"
"INTL_FS_WIFI_NAME","const","Network name","Име","Nome","网络名称","Název","Name","Sensorens Wi-Fi navn","Võrgu nimi","Nombre","Verkon nimi","Nom","Όνομα δικτύου","Naziv mreže","Név","Nome","ネットワーク名","Tinklo pavadinimas","Numm","Tīkla nosaukums","Naam (SSID)","Nazwa sieci","Nome","Numele rețelei","Naziv","Имя","Sensorns WLAN namn","Ime omrežja","Názov siete","Isim","Ім'я"
"INTL_MORE_SETTINGS","const","More settings","Още настройки","Outras configurações","更多设置","Další nastavení","Weitere Einstellungen","Avancerede indstillinger","Rohkem seadistusi","Más configuraciones","Lisää asetuksia","Autres paramètres","Περισσότερες ρυθμίσεις","Dodatne postavke","További beállítások","Altre configurazioni","より多くの設定","Daugiau nustatymų","Méi Astellungen","Vairāk iestatījumu","Meer instellingen","Więcej ustawień","Outras configurações","Mai multe setări","Više podešavanja","Дополнительные настройки","Avancerade inställningar","Več nastavitev","Ďalšie nastavenia","Daha fazla ayar","Додаткові параметри"
"INTL_AUTO_UPDATE","const","Auto update firmware","Автоматична актуализация","Atualização automática de Firmware","自动更新固件","Autom. aktualizace","Auto Update","Automatisk opdatering","Automaatne püsivara uuendamine","Actualización automática del Firmware","Automaattinen laiteohjelmiston päivitys","Mise a jour automatique","Αυτόματη ενημέρωση υλικολογισμικού","Automatsko ažuriranje firmvera","Firmware automatikus frissítése","Aggiornamento automatico firmware","ファームウェアの自動更新","Automatinis programinės įrangos atnaujinimas","Automateschen Update","Automātiska programmaparatūras atjaunināšana","Firmware automatisch bijwerken","Aktualizuj firmware automatycznie","Atualização automática do Firmware","Actualizare automată a firmware-ului","Automatski ažuriraj firmver","Автоматическое обновление","Automatisk uppdatering","Samodejno posodabljanje vdelane programske opreme","Auto. aktualizácia","Yazılımı (Firmware) Otomatik güncelle ","Автооновлення мікропрограми"
"INTL_USE_BETA","const","Load beta firmware","Зареждане на бета актуализация","Carregar Firmware Beta","加载测试版固件","Nahrát betaverzi","Lade Beta Versionen","Brug beta-versioner","Laadige beeta püsivara","Cargar del firmware beta","Lataa beta-firmware","Télécharger la version bêta","Φόρτωση firmware beta","Učitaj beta verziju firmvera","Béta firmware letöltése","Carica il firmware beta","ベータ版ファームウェアの読み込み","Įkelti beta programinę įrangą","Beta Versiounen eroflueden","Ielādēt beta versijas programmaparatūru","Installeer beta-firmwares","Załaduj firmware beta","Carregar Firmware Beta","Încărcați firmware-ul beta","Učitaj beta firmver","Устанавливать бета-версии","Använd beta-versioner","Nalaganje vdelane programske opreme beta","Nahrať betaverziu","Beta Yazılımı(Firmware) yükle","Встановлювати бета-версії мікропрограми"
"INTL_DISPLAY","const","OLED SSD1306","OLED SSD1306","OLED SSD1306","OLED SSD1306","OLED SSD1306","OLED SSD1306","OLED SSD1306","OLED SSD1306","OLED SSD1306","OLED SSD1306","OLED SSD1306","OLED SSD1306","OLED SSD1306","OLED SSD1306","OLED SSD1306","有機EL SSD1306","OLED SSD1306","OLED SSD1306","OLED SSD1306","OLED SSD1306","OLED SSD1306","OLED SSD1306","OLED SSD1306","OLED SSD1306","OLED SSD1306","OLED SSD1306","OLED SSD1306","OLED SSD1306","OLED SSD1306","OLED SSD1306"
"INTL_SH1106","const","OLED SH1106","OLED SH1106","OLED SH1106","OLED SH1106","OLED SH1106","OLED SH1106","OLED SH1106","OLED SH1106","OLED SH1106","OLED SH1106","OLED SH1106","OLED SH1106","OLED SH1106","OLED SH1106","OLED SH1106","有機EL SH1106","OLED SH1106","OLED SH1106","OLED SH1106","OLED SH1106","OLED SH1106","OLED SH1106","OLED SH1106","OLED SH1106","OLED SH1106","OLED SH1106","OLED SH1106","OLED SH1106","OLED SH1106","OLED SH1106"
"INTL_FLIP_DISPLAY","const","OLED display flip","OLED дисплей обръщане","Girar  a tela OLED","OLED显示屏翻转","OLED displej flip","OLED Display um 180° drehen","OLED display flip","OLED-ekraani klapp","Pantalla OLED flip","OLED-näytön kääntäminen","Faire pivoter l'affichage OLED de 180°","Αναδίπλωση οθόνης OLED","OLED display flip","OLED display flip","Ruota il display OLED di 180°","有機ELディスプレイフリップ","OLED ekrano apvertimas","OLED Display em 180° dréien","OLED displeja flip","OLED display omdraaien","Obrót ekranu OLED","Girar a tela OLED de 180°","Afișaj OLED flip","Rotiraj OLED displej (180°)","Перевернуть OLED экран","Vänd OLED-display","Obračanje zaslona OLED","OLED displej flip","OLED ekranını çevirin","Перевернути OLED-дисплей"
"INTL_LCD1602_27","const","LCD 1602 (I2C: 0x27)","LCD 1602 (I2C: 0x27)","LCD 1602 (I2C: 0x27)","LCD 1602 (I2C: 0x27)","LCD 1602 (I2C: 0x27)","LCD 1602 (I2C: 0x27)","LCD 1602 (I2C: 0x27)","LCD 1602 (I2C: 0x27)","LCD 1602 (I2C: 0x27)","LCD 1602 (I2C: 0x27)","LCD 1602 (I2C: 0x27)","LCD 1602 (I2C: 0x27)","LCD 1602 (I2C: 0x27)","LCD 1602 (I2C: 0x27)","LCD 1602 (I2C: 0x27)","LCD 1602 (I2C: 0x27)","LCD 1602 (I2C: 0x27)","LCD 1602 (I2C: 0x27)","LCD 1602 (I2C: 0x27)","LCD 1602 (I2C: 0x27)","LCD 1602 (I2C: 0x27)","LCD 1602 (I2C: 0x27)","LCD 1602 (I2C: 0x27)","LCD 1602 (I2C: 0x27)","LCD 1602 (I2C: 0x27)","LCD 1602 (I2C: 0x27)","LCD 1602 (I2C: 0x27)","LCD 1602 (I2C: 0x27)","LCD 1602 (I2C: 0x27)","LCD 1602 (I2C: 0x27)"
"INTL_LCD1602_3F","const","LCD 1602 (I2C: 0x3F)","LCD 1602 (I2C: 0x3F)","LCD 1602 (I2C: 0x3F)","LCD 1602 (I2C: 0x3F)","LCD 1602 (I2C: 0x3F)","LCD 1602 (I2C: 0x3F)","LCD 1602 (I2C: 0x3F)","LCD 1602 (I2C: 0x3F)","LCD 1602 (I2C: 0x3F)","LCD 1602 (I2C: 0x3F)","LCD 1602 (I2C: 0x3F)","LCD 1602 (I2C: 0x3F)","LCD 1602 (I2C: 0x3F)","LCD 1602 (I2C: 0x3F)","LCD 1602 (I2C: 0x3F)","LCD 1602 (I2C: 0x3F)","LCD 1602 (I2C: 0x3F)","LCD 1602 (I2C: 0x3F)","LCD 1602 (I2C: 0x3F)","LCD 1602 (I2C: 0x3F)","LCD 1602 (I2C: 0x3F)","LCD 1602 (I2C: 0x3F)","LCD 1602 (I2C: 0x3F)","LCD 1602 (I2C: 0x3F)","LCD 1602 (I2C: 0x3F)","LCD 1602 (I2C: 0x3F)","LCD 1602 (I2C: 0x3F)","LCD 1602 (I2C: 0x3F)","LCD 1602 (I2C: 0x3F)","LCD 1602 (I2C: 0x3F)"
"INTL_LCD2004_27","const","LCD 2004 (I2C: 0x27)","LCD 2004 (I2C: 0x27)","LCD 2004 (I2C: 0x27)","LCD 2004 (I2C: 0x27)","LCD 2004 (I2C: 0x27)","LCD 2004 (I2C: 0x27)","LCD 2004 (I2C: 0x27)","LCD 2004 (I2C: 0x27)","LCD 2004 (I2C: 0x27)","LCD 2004 (I2C: 0x27)","LCD 2004 (I2C: 0x27)","LCD 2004 (I2C: 0x27)","LCD 2004 (I2C: 0x27)","LCD 2004 (I2C: 0x27)","LCD 2004 (I2C: 0x27)","LCD 2004 (I2C: 0x27)","LCD 2004 (I2C: 0x27)","LCD 2004 (I2C: 0x27)","LCD 2004 (I2C: 0x27)","LCD 2004 (I2C: 0x27)","LCD 2004 (I2C: 0x27)","LCD 2004 (I2C: 0x27)","LCD 2004 (I2C: 0x27)","LCD 2004 (I2C: 0x27)","LCD 2004 (I2C: 0x27)","LCD 2004 (I2C: 0x27)","LCD 2004 (I2C: 0x27)","LCD 2004 (I2C: 0x27)","LCD 2004 (I2C: 0x27)","LCD 2004 (I2C: 0x27)"
"INTL_LCD2004_3F","const","LCD 2004 (I2C: 0x3F)","LCD 2004 (I2C: 0x3F)","LCD 2004 (I2C: 0x3F)","LCD 2004 (I2C: 0x3F)","LCD 2004 (I2C: 0x3F)","LCD 2004 (I2C: 0x3F)","LCD 2004 (I2C: 0x3F)","LCD 2004 (I2C: 0x3F)","LCD 2004 (I2C: 0x3F)","LCD 2004 (I2C: 0x3F)","LCD 2004 (I2C: 0x3F)","LCD 2004 (I2C: 0x3F)","LCD 2004 (I2C: 0x3F)","LCD 2004 (I2C: 0x3F)","LCD 2004 (I2C: 0x3F)","LCD 2004 (I2C: 0x3F)","LCD 2004 (I2C: 0x3F)","LCD 2004 (I2C: 0x3F)","LCD 2004 (I2C: 0x3F)","LCD 2004 (I2C: 0x3F)","LCD 2004 (I2C: 0x3F)","LCD 2004 (I2C: 0x3F)","LCD 2004 (I2C: 0x3F)","LCD 2004 (I2C: 0x3F)","LCD 2004 (I2C: 0x3F)","LCD 2004 (I2C: 0x3F)","LCD 2004 (I2C: 0x3F)","LCD 2004 (I2C: 0x3F)","LCD 2004 (I2C: 0x3F)","LCD 2004 (I2C: 0x3F)"
"INTL_DISPLAY_WIFI_INFO","const","Display Wifi info","Показване на WiFi информация","Mostrar informações da rede Wi-Fi","显示Wifi信息","Zobrazit informace o WiFi","Zeige WiFi Info","Vis WiFi-info","Wifi info kuvamine","Mostrar información de WiFi","Näytä Wifi tiedot","Afficher les informations wifi","Εμφάνιση πληροφοριών Wifi","Prikaz WiFi informacija","Wifi adatok megjelenítése","Visualizza informazioni del wi-fi","Wifi情報の表示","Rodyti WiFi informaciją","WiFi Info uweisen","Wifi informācijas rādīšana","Toon WiFi info","Wyświetl info o WiFi","Mostrar informações WiFi","Afișarea informațiilor Wifi","Prikaži WiFi podatke","Отображать информацию о WiFi","Visa WiFi-information","Prikaz informacij o Wifi","Zobraziť info o WiFi","WiFi Bilgilerini Görüntüle","Відобразити інформацію про Wi-Fi"
"INTL_DISPLAY_DEVICE_INFO","const","Display device info","Информация за устройството на дисплея","Mostrar informações do dispositivo","显示设备信息","Zobrazit informace o zařízení","Zeige Geräteinfo","Vis enhedsinfo","Seadme info kuvamine","Mostrar información del dispositivo","Näytä laitteen tiedot","Afficher les informations de l'appareil","Εμφάνιση πληροφοριών συσκευής","Prikaz informacija o uređaju","Eszközadatok megjelenítése","Visualizza informazioni del dispositivo","デバイス情報の表示","Rodyti informaciją apie įrenginį","Apparat Info uweisen","Parādīt informāciju par ierīci","Toon apparaatinfo","Wyświetl info o urządzeniu","Mostrar informações do dispositivo","Afișarea informațiilor despre dispozitiv","Pokaži informacije o uređaju","Отображать информацию об устройстве","Visa enhetsinfo","Prikaz informacij o napravi","Zobraziť info o zariadení","Cihaz Bilgilerini Görüntüle","Відобразити інформацію про пристрій"
"INTL_STATIC_IP_TEXT","define","Configuration static IP address (all fields must be completed)","Конфигурация на статичен IP адрес (всички полета трябва да са попълнени)","[[static_ip_text]]","[[static_ip_text]]","[[static_ip_text]]","Konfiguration statische IP Adresse (alle Felder müssen ausgefüllt sein)","[[static_ip_text]]","[[static_ip_text]]","[[static_ip_text]]","[[static_ip_text]]","Configuration de l'adresse IP statique (tous les champs doivent être remplis)","[[static_ip_text]]","Konfiguracija statičke IP adrese (sva polja moraju biti ispunjena)","[[static_ip_text]]","Testo IP statico","[[static_ip_text]]","[[static_ip_text]]","[[static_ip_text]]","[[static_ip_text]]","Configuratie statisch IP-adres (alle velden moeten ingevuld zijn)","Ustawienie statycznego adresu IP (wszystkie pola wypełnić)","[[static_ip_text]]","[[static_ip_text]]","[[static_ip_text]]","Настроить статический IP (необходимо заполнить все поля!)","Konfiguration av statisk IP -adress (alla fält måste fyllas i)","[[static_ip_text]]","[[static_ip_text]]","[[static_ip_text]]","Статична IP-адреса конфігурації (усі поля мають бути заповнені)"
"INTL_STATIC_IP","const","IP address","IP адрес","[[static_ip]]","[[static_ip]]","[[static_ip]]","IP-Adresse","[[static_ip]]","[[static_ip]]","[[static_ip]]","[[static_ip]]","Adresse IP","[[static_ip]]","IP adresa","[[static_ip]]","IP statico","[[static_ip]]","[[static_ip]]","[[static_ip]]","[[static_ip]]","IP-adres","Adres IP","[[static_ip]]","[[static_ip]]","[[static_ip]]","IP адрес","Statisk ip","[[static_ip]]","[[static_ip]]","[[static_ip]]","IP-адреса"
"INTL_STATIC_SUBNET","const","Subnet","Subnet","[[static_subnet]]","[[static_subnet]]","[[static_subnet]]","Subnet","[[static_subnet]]","[[static_subnet]]","[[static_subnet]]","[[static_subnet]]","Subnet","[[static_subnet]]","Subnet","[[static_subnet]]","Subnet statico","[[static_subnet]]","[[static_subnet]]","[[static_subnet]]","[[static_subnet]]","Subnet","Maska","[[static_subnet]]","[[static_subnet]]","[[static_subnet]]","Подсеть","Statisk delnät","[[static_subnet]]","[[static_subnet]]","[[static_subnet]]","Підмережа"
"INTL_STATIC_GATEWAY","const","Gateway","Gateway","[[static_gateway]]","[[static_gateway]]","[[static_gateway]]","Gateway","[[static_gateway]]","[[static_gateway]]","[[static_gateway]]","[[static_gateway]]","Gateway","[[static_gateway]]","Gateway","[[static_gateway]]","Gateway statico","[[static_gateway]]","[[static_gateway]]","[[static_gateway]]","[[static_gateway]]","Gateway","Brama","[[static_gateway]]","[[static_gateway]]","[[static_gateway]]","Шлюз","Statisk gateway","[[static_gateway]]","[[static_gateway]]","[[static_gateway]]","Шлюз"
"INTL_STATIC_DNS","const","DNS server","DNS сървър","[[static_dns]]","[[static_dns]]","[[static_dns]]","DNS Server","[[static_dns]]","[[static_dns]]","[[static_dns]]","[[static_dns]]","Serveur DNS","[[static_dns]]","DNS server","[[static_dns]]","DNS statico","[[static_dns]]","[[static_dns]]","[[static_dns]]","[[static_dns]]","DNS-server","Statyczny DNS","[[static_dns]]","[[static_dns]]","[[static_dns]]","DNS сервер","Statisk DNS","[[static_dns]]","[[static_dns]]","[[static_dns]]","DNS-сервер"
"INTL_DEBUG_LEVEL","const","Debug&nbsp;level","Debug&nbsp;Level","Debug&nbsp;Level","Debug&nbsp;级别","Úroveň ladění","Debug&nbsp;Level","Debug&nbsp;level","Debug&nbsp;tase","Debug&nbsp;Level","Debug&nbsp;taso","Niveau&nbsp;de&nbsp;débogage","Αποσφαλμάτωση&nbsp;επίπεδο","Debug&nbsp;level","Debug&nbsp;Level","Debug&nbsp;Level","デバッグ&nbsp;レベル","Derinimo&nbsp;lygis","Debug&nbsp;Niveau","Debug&nbsp;līmenis","Debugniveau","Poziom&nbsp;debugowania","Debug&nbsp;Level","Debug&nbsp;level","Nivo&nbsp;otklanjanja grešaka","Уровень&nbsp;отладки","Debug&nbsp;level","Debug&nbsp;raven","Ladenie&nbsp;úroveň","Debug&nbsp;seviye","Рівень&nbsp;Зневадження"
"INTL_MEASUREMENT_INTERVAL","const","Measuring interval (sec)","Интервал на измерване","Intervalo de medição","测量间隔(秒)","Interval měření","Messintervall","Målinterval","Mõõtmisintervall (sek)","Intervalo de medición","Mittausväli (sek)","Intervalle de mesure","Διάστημα μέτρησης (sec)","Interval mjerenja (s)","Mérési intervallum","intervallo di misura","測定間隔（秒","Matavimo intervalas (sek.)","Mooss-intervall","Mērīšanas intervāls (s)","Meetinterval","Czas między pomiarami (sek.)","Intervalo de medição","Interval de măsurare (sec)","Merni interval","Измерительный интервал","Mätintervall","Interval merjenja (s)","Interval meraní (sec)"," Ölçüm aralığı","Інтервал між вимірюваннями"
"INTL_DURATION_ROUTER_MODE","const","Duration router mode","Продължителност като рутер","Duração ","持续时间路由器模式","Trvání router módu","Dauer&nbsp;Routermodus","Permanent&nbsp;router-mode","Kestus marsruuteri režiim","Duración del modo enrutador","Reititintilan kesto","Durée mode routeur","Διάρκεια λειτουργίας δρομολογητή","Trajanje router načina rada","Hotspot mód időtartama","Durata della modalità router","持続時間ルータモード","Trukmė maršrutizatoriaus režimas","Zait&nbsp;Routermodus","Ilgums maršrutētāja režīms","Tijdsduur routermodus","Czas trwania w trybie routera (sek.)","Duração&nbsp;Modo roteador","Durata modului router","Trajanje ruter režima","Длительность режима маршрутизатора","Permanent&nbsp;router-modus","Trajanje načina usmerjevalnika","Trvanie router mod","Süre yönlendirici(Router) modu","Тривалість режиму роутера"
"INTL_POWERSAVE","const","Power saving","[[powersave]]","[[powersave]]","[[powersave]]","[[powersave]]","Energiesparen","[[powersave]]","[[powersave]]","[[powersave]]","[[powersave]]","Sauvegarde énergie","[[powersave]]","Ušteda energije","[[powersave]]","Modalità risparmio energetico","[[powersave]]","[[powersave]]","[[powersave]]","[[powersave]]","Energiebesparing","Oszczędzanie energii","[[powersave]]","[[powersave]]","[[powersave]]","[[powersave]]","[[powersave]]","[[powersave]]","[[powersave]]","[[powersave]]","Режим енергозбереження"
"INTL_MORE_APIS","const","More APIs","Още API","Outros API","更多API","Další API","Weitere APIs","Yderligere APIer","Rohkem APIsid","Otros API","Lisää sovellusrajapintoja","Autres API","Περισσότερα APIs","Dodatna programskih sučelja (API)","További API-k","Altre API","その他のAPI","Daugiau API","Aner APIs","Vairāk API","Meer API's","Kolejne API","Outros API","Mai multe API-uri","Više API-ja","Другие API","Ytterligare APIer","Več API-jev","Dalšie API","Daha fazla uygulama programlama arayüzü (API)","Додаткові API"
"INTL_SEND_TO_OWN_API","const","Send data to custom API","Изпращане към собствено API","Enviar para a própria API","发送数据到自定义API","Poslat data na vlastní API","An eigene API senden","Send til eget API","Andmete saatmine kohandatud API-le","Mandar a propio API","Tietojen lähettäminen mukautettuun API:han","Envoyer les données vers l'API personnelle","Αποστολή δεδομένων σε προσαρμοσμένο API","Pošalji na API","Adatok küldése saját API-nak","Invia i dati alla propria API","カスタムAPIへのデータ送信","Duomenų siuntimas į pasirinktinę API","Un eegen API schécken","Datu nosūtīšana uz pielāgotu API","Verzend data naar eigen API","Wysyłaj dane do własnego API","Enviar para a própria API","Trimiteți date către API personalizat","Pošalji podatke mom API-ju","Отправить в свой API","Skicka till eget API","Pošiljanje podatkov v API po meri","Poslať data na vlastné API","uygulama programlama arayüzüne (API)veri gönder","Відправляти дані на власний API"
"INTL_SERVER","const","Server","Сървър","Servidor","服务器","Server","Server","Server","Server","Servidor","Palvelin","Serveur","Διακομιστής","Server","Szerver","Server","サーバー","Serveris","Server","Serveris","Serveradres","Adres serwera","Servidor","Server","Server","Сервер","Server","Strežnik","Server","Sunucu","Сервер"
"INTL_PATH","const","Path","Път","Caminho","路径","Cesta","Pfad","Sti (path)","Teekond","Ruta","Polku","Chemin","Διαδρομή","Path","Útvonal","Percorso","パス","Kelias","Wee","Ceļš","Pad","Ścieżka","Caminho","Calea","Putanja","Путь","Sökväg (path)","Pot","Cesta","Yol","Шлях"
"INTL_PORT","const","Port","Порт","Porta","港口","Port","Port","Port","Sadam","Puerto","Satama","Port","Λιμάνι","Port","Port","Porta","ポート","Uostas","Port","Osta","Poort","Port","Porta","Port","Port","Порт","Port","Pristanišče","Port","kapı","Порт"
"INTL_USER","const","User","Потребител","Usuário","用户","Uživatel","Benutzer","Brugernavn","Kasutaja","Usuario","Käyttäjä","Utilisateur","Χρήστης","Korisnik","Felhasználónév","Utente","ユーザー","Vartotojas","Benotzer","Lietotājs","Gebruiker","Nazwa użytkownika","Utilizador","Utilizator","Korisnik","Пользователь","Användarnamn","Uporabnik","Uživateľ","kullanıcı","Користувач"
"INTL_PASSWORD","const","Password","Парола","Senha","密码","Heslo","Passwort","Kodeord","Parool","Contraseña","Salasana","Mot de passe","Κωδικός πρόσβασης","Lozinka","Jelszó","Password","パスワード","Slaptažodis","Passwuert","Parole","Wachtwoord","Hasło","Senha","Parola","Lozinka","Пароль","Lösenord","Geslo","Heslo","parola","Пароль"
"INTL_MEASUREMENT","const","Measurement","Измерване","Medição","计量","Měření","Messung","Measurement","Mõõtmine","Medición","Mittaus","Mesure","Μέτρηση","Mjerenje","Mérés","Measurement","計測","Matavimas","Miessung","Mērījumi","Measurement","Measurement","Medição","Măsurare","Merenje","Measurement","Measurement","Merjenje","Measurement","Measurement","Measurement"
"INTL_SEND_TO","const","Send to {v}","Изпрати до {v}","Enviar para","发送至{v}","Odeslat na {v}","Senden an {v}","Send til {v}","Saada {v}","Enviar a {v}","Lähetä osoitteeseen {v}","Envoyer à {v}","Στείλτε στο {v}","Pošalji na {v}","Send to {v}","Spedire a {v}","v}に送る","Siųsti į {v}","Schécken op {v}","Nosūtīt uz {v}","Verzend naar {v}","Wysyłaj dane do {v}","Enviar a {v}","Trimiteți la {v}","Pošalji na {v}","Отправлять в {v}","Skicka till {v}","Pošlji na {v}","Odoslať na {v}","Gönder {v}","Відправляти до {v}"
"INTL_READ_FROM","const","Read from {v}","Получено от {v}","Ler","改为{五}。","Čti z {v}","Lese {v}","Hent fra {v}","Loe {v}","Leer {v}","Lue {v}","Lire {v}","Διαβάστε από {v}","Čitaj iz {v}","Read from {v}","Leggi da {v}","v}から読む。","Skaityti iš {v}","Liesen {v}","Lasīt no {v}","Lees uit {v}","Czytaj z {v}","Ler {v}","Citiți de la {v}","Pročitaj iz {v}","Считывать с {v}","Hämta {v}","Preberi od {v}","Čítaj z {v}","Oku {v}","Читати з {v}"
"INTL_SENSOR_IS_REBOOTING","const","Sensor is rebooting.","Сензорът се рестартира.","Sensor sendo reiniciado","传感器正在重新启动。","Zařízení bude restartováno","Sensor wird neu gestartet.","Sensor genstartes.","Andur taaskäivitub.","El sensor se está reiniciando.","Anturi käynnistyy uudelleen.","Le détecteur est en train de redémarrer.","Ο αισθητήρας κάνει επανεκκίνηση.","Senzor se ponovno pokreće.","A Szenzor újraindul...","Riavvio dispositivo.","センサーが再起動しています。","Jutiklis paleidžiamas iš naujo.","De Sensor gëtt neigestart.","Sensors tiek restartēts.","Toestel wordt opnieuw opgestart","Ponowne uruchamianie czujnika.","O sensor esta a ser reiniciado.","Senzorul se repornește.","Senzor se restartuje.","Устройство перезапускается...","Sensor startas om.","Senzor se ponovno zažene.","Senzor sa reštartuje","sistem yeniden yükleniyor","Сенсор перезавантажується."
"INTL_RESTART_DEVICE","const","Restart device","Рестартирайте устройството","Reiniciar dispositivo","重新启动设备","Restartovat zařízení","Gerät neu starten","Genstart enhed","Seadme taaskäivitamine","Reiniciar dispositivo","Käynnistä laite uudelleen","Redémarrer l'appareil","Επανεκκίνηση της συσκευής","Ponovno pokretanje uređaja","Eszköz újraindítása","Riavvia dispositivo","デバイスの再起動","Iš naujo paleiskite įrenginį","Apparat nei starten","Ierīces restartēšana","Herstart toestel","Uruchom ponownie urządzenie","Reiniciar dispositivo","Reporniți dispozitivul","Restartuj uređaj","Перезапустить устройство","Starta om enhet","Ponovni zagon naprave","Reštartovať zariadenie","Cihazı yeniden bağlat","Перезапустити пристрій"
"INTL_DELETE_CONFIG","const","delete saved configuration","Изтриване на Конфигурацията","Apagar configuração atual","删除保存的配置","smazat uložené nastavení","Config.json löschen","Slet Config.json","salvestatud konfiguratsiooni kustutamine","Borrar configruación actual","poista tallennettu konfiguraatio","Effacer le fichier config.json","διαγραφή αποθηκευμένων ρυθμίσεων","Izbriši konfiguraciju","A mentett beállítások törlése","Cancella configurazione","保存した設定の削除","ištrinti išsaugotą konfigūraciją","Config.json läschen","dzēst saglabāto konfigurāciju","Verwijder opgeslagen configuratie","Usuń zapisaną konfigurację","Apagar configuração atual","ștergerea configurației salvate","Obriši sačuvanu konfiguraciju","Удалить config.json ","Ta bort Config.json","brisanje shranjene konfiguracije","Zmazať uloženú konfiguráciu","konfigürasyonu sil","видалити збережену конфігурацію"
"INTL_RESTART_SENSOR","const","Restart sensor","Рестартиране на сензора","Reiniciar sensor","重新启动传感器","Restart senzoru","Sensor neu starten","Genstart sensor","Anduri taaskäivitamine","Reiniciar sensor","Käynnistä anturi uudelleen","Redémarrer le capteur","Επανεκκίνηση αισθητήρα","Ponovno pokretanje senzora","A szenzor újraindítása","Riavvio sensore","センサーの再起動","Iš naujo paleiskite jutiklį","Sensor nei starten","Sensora restartēšana","Herstart sensor","Uruchom ponownie czujnik","Reiniciar sensor","Reporniți senzorul","Restartuj senzor","Перезапустить устройство","Starta om sensor","Ponovni zagon senzorja","Reštart senzoru","sensörü yeniden bağlat ","Перезапустити сенсор"
"INTL_HOME","define","Home","Начало","Início","首页","Hlavní stránka","Übersicht","Oversigt","Kodu","Visión general","Etusivu","Aperçu","Αρχική σελίδα","Početna","Főoldal","Home","ホーム","Pagrindinis","Iwwersiicht","Sākums","Home","Strona startowa","Visão geral","Acasă","Naslovna","Меню","Översikt","Domov","Úvod","genel bakış","Головна"
"INTL_BACK_TO_HOME","define","Back to home page","Обратно към начало","Voltar ao início","返回首页","Zpět na hlavní stránku","Zurück zur Startseite","Tilbage til oversigten","Tagasi avalehele","Volver al inicio","Takaisin etusivulle","Page d'accueil","Επιστροφή στην αρχική σελίδα","Povratak na početnu stranicu","Vissza a főoldalra","Torna alla home page","ホームページに戻る","Grįžti į pagrindinį puslapį","Zréck op d'Haaptsäit","Atpakaļ uz sākumlapu","Terug naar homepagina","Powrót do strony startowej","Voltar ao início","Înapoi la pagina principală","Povratak na naslovnu stranicu","Вернуться в основное меню","Tillbaka till översikten","Nazaj na domačo stran","Späť na úvodnú stránku","Ana sayfaya geri dön","На головну сторінку"
"INTL_CURRENT_DATA","const","Current data","Текущи данни","Dados atuais","当前数据","Aktuální hodnoty","Aktuelle Werte","Aktuelle målværdier","Praegused andmed","Datos actuales","Nykyiset tiedot","Données actuelles","Τρέχοντα δεδομένα","Aktualni podaci","Aktuális adatok","Dati attuali","現在のデータ","Dabartiniai duomenys","Aktuell Wäerter","Pašreizējie dati","Huidige data","Obecne wskazania","Dados atuais","Date curente","Trenutni podaci","Текущие значения","Aktuella mätvärden","Trenutni podatki","Aktuálne hodnoty","Aktüel veriler","Поточні показники"
"INTL_DEVICE_STATUS","const","Device status","Статус на устройството","Status do dispositivo","设备状态","Stav zařízení","Gerätestatus","Enhedsstatus","Seadme olek","El estado del dispositivo","Laitteen tila","Etat de l'appareil","Κατάσταση συσκευής","Status uređaja","Eszköz státusz","Stato del dispositivo","デバイスの状態","Įrenginio būsena","Apparat Status","Ierīces statuss","Apparaatstatus","Stan urządzenia","Estado do dispositivo","Starea dispozitivului","Status uređaja","Состояние устройства","Enhetsstatus","Stanje naprave","Stav zariadenia","Cihaz durumu","стан пристрою"
"INTL_ACTIVE_SENSORS_MAP","define","Active sensors map (external link)","Карта на активните сензори (външен линк)","Mapa de sensores ativos","有源传感器地图(外部链接)","Mapa aktivních senzorů (externí odkaz)","Karte der aktiven Sensoren (externer Link)","Kort over aktive sensorer (ekstern link)","Aktiivsete andurite kaart (väline link)","Mapa de sensores activos (enlace externo)","Aktiivisten antureiden kartta (ulkoinen linkki)","Carte des capteurs actifs (lien externe)","Χάρτης ενεργών αισθητήρων (εξωτερικός σύνδεσμος)","Karta aktivnih senzora (vanjska poveznica)","Aktív szenzorok térképe (külső link)","Mappa dei sensori attivi (link esterno)","アクティブセンサーマップ（外部リンク","Aktyvių jutiklių žemėlapis (išorinė nuoroda)","Kaart vun den aktive Sensoren (externen Link)","Aktīvo sensoru karte (ārējā saite)","Actieve sensoren kaart (externe link)","Mapa aktywnych czujników (link zewnętrzny)","Mapa de sensores ativos (ligação externa)","Harta senzorilor activi (link extern)","Mapa aktivnih senzora (spoljni link)","Карта активных датчиков (внешняя ссылка)","Karta över aktiva sensorer (extern länk)","Zemljevid aktivnih senzorjev (zunanja povezava)","Mapa aktívnych senzorov (externý odkaz)","Aktif sensörler haritası(external link)","Мапа активних сенсорів(зовнішнє посилання)"
"INTL_CONFIGURATION_DELETE","define","Delete configuration","Изтриване на Конфигурацията","Apagar configuração","删除配置","Smazat konfiguraci","Konfiguration löschen","Slet opsætningen","Konfiguratsiooni kustutamine","Borrar configuración","Poista kokoonpano","Effacer la configuration","Διαγραφή ρυθμίσεων","Izbriši konfiguraciju","Beállítások törlése","Elimina configurazione","設定の削除","Ištrinti konfigūraciją","Konfiguratioun läschen","Konfigurācijas dzēšana","Configuratie verwijderen","Usunięcie konfiguracji","Apagar configuração","Ștergeți configurația","Izbriši konfiguraciju","Удалить конфигурацию","Ta bort konfiguration","Brisanje konfiguracije","Zmazať konfiguráciu?","Konfigürasyonu sil","Видалити конфігурацію"
"INTL_CONFIGURATION_REALLY_DELETE","define","Are you sure you want to delete the configuration?","Наистина ли искате да изтриете конфигурацията?","Confirms que quer apagar a configuração","你确定要删除配置？","Opravdu smazat konfiguraci?","Konfiguration wirklich löschen?","Skal opsætningen virkelig slettes?","Kas olete kindel, et soovite konfiguratsiooni kustutada?","Estas seguro que quieres borrar la configuración?","Oletko varma, että haluat poistaa kokoonpanon?","Voulez-vous vraiment effacer la configuration?","Είστε σίγουροι ότι θέλετε να διαγράψετε τη διαμόρφωση;","Jeste li sigurni da želite izbrisati konfiguraciju?","Biztosan törölni akarod a beállításokat?","Sei sicuro di voler eliminare la configurazione?","本当に設定を削除していいのか？","Ar tikrai norite ištrinti konfigūraciją?","Konfiguratioun wierklech läschen?","Vai esat pārliecināts, ka vēlaties izdzēst konfigurāciju?","Bent u zeker dat u de configuratie wilt verwijderen?","Czy na pewno chcesz usunąć konfigurację?","Confirma que quere apagar a configuração?","Sunteți sigur că doriți să ștergeți configurația?","Jeste li sigurni da želite da izbrišete konfiguraciju?","Подтвердите удаление конфигурации!","Ska konfigurationen tas bort?","Ali ste prepričani, da želite izbrisati konfiguracijo?","Naozaj zmazať konfiguráciu?","Konfigürasyonu silmek istediğinizden emin misiniz??","Ви точно хочете видалити конфігурацію?"
"INTL_DELETE","define","Delete","Изтрий","Apagar","删除","Smazat","Löschen","Slet","Kustuta","Borrar","Poista","Effacer","Διαγραφή","Izbriši","Törlés","Elimina","削除","Ištrinti","Läschen","Dzēst","Verwijderen","Usuń","Apagar","Ștergeți","Izbriši","Удалить","Ta bort","Izbriši","Zmazať","Sil","Видалити"
"INTL_CANCEL","define","Cancel","Отказ","Cancelar","取消","Zrušit","Abbrechen","Afbryd","Tühista","Cancelar","Peruuta","Annuler","Ακύρωση","Odustani","Mégse","Annulla","キャンセル","Atšaukti","Ofbriechen","Atcelt","Annuleren","Anuluj","Cancelar","Anulează","Poništi","Отменить","Avbryt","Prekliči","Zrušiť","vazgeç","Скасувати"
"INTL_REALLY_RESTART_SENSOR","define","Are you sure you want to restart the sensor?","Наистина ли искате да рестартирате сензора?","Confirma que quer reiniciar o sensor?","你确定要重新启动传感器吗？","Opravdu restartovat senzor?","Sensor wirklich neu starten?","Config.json kunne ikke findes","Kas olete kindel, et soovite anduri uuesti käivitada?","Estas seguro que quieres reiniciar el sensor?","Oletko varma, että haluat käynnistää anturin uudelleen?","Voulez-vous vraiment redémarrer le capteur?","Είστε σίγουροι ότι θέλετε να επανεκκινήσετε τον αισθητήρα;","Jeste li sigurni da želite ponovno pokrenuti senzor?","Biztosan újraindítod a szenzort?","Sei sicuro di voler riavviare il sensore?","本当にセンサーを再起動するのか？","Ar tikrai norite iš naujo paleisti jutiklį?","Sensor wierklech nei starten?","Vai esat pārliecināts, ka vēlaties restartēt sensoru?","Bent u zeker dat u de sensor wilt herstarten?","Czy na pewno chcesz uruchomić czujnik ponownie?","Confirma que quere reiniciar o sensor?","Sunteți sigur că doriți să reporniți senzorul?","Jeste li sigurni da hoćete da ponovo pokrenete senzor?","Подтвердите перезапуск устройства!","Config.json kunde inte hittas","Ste prepričani, da želite znova zagnati senzor?","Naozaj reštartovať senzor?","Sensörü tekrar bağlatmak istediğinizden emin misiniz?","Ви точно хочете перезавантажити сенсор?"
"INTL_RESTART","define","Restart","Рестарт","Reiniciar","重新启动","Restartovat","Neu starten","Genstart","Restart","Reiniciar","Käynnistä uudelleen","Redémarrer","Επανεκκίνηση","Ponovno pokretanje","Újraindítás","Riavvio","再起動","Iš naujo paleiskite","Nei starten","Restartējiet","Herstart","Uruchom ponownie","Reiniciar","Reporniți","Restartuj","Перезапустить","Starta om","Ponovni zagon","Reštartovať","yeniden bağlat","Перезавантажити"
"INTL_SAVE_AND_RESTART","const","Save configuration and restart","Запис и рестарт","Salvar e reiniciar","保存配置并重新启动","Uložit a restartovat","Speichern und neu starten","Gem og genstart","Konfigureerimise salvestamine ja taaskäivitamine","Guardar y reiniciar","Tallenna kokoonpano ja käynnistä uudelleen","Sauvegarder et redémarrer","Αποθήκευση ρυθμίσεων και επανεκκίνηση","Spremi izmjene i ponovno pokreni","Mentés és újraindítás","Salva e riavvia","設定の保存と再起動","Išsaugoti konfigūraciją ir paleisti iš naujo","Späicheren a nei starten","Konfigurācijas saglabāšana un restartēšana","Opslaan en herstarten","Zapisz i zrestartuj","Salvar e reiniciar","Salvați configurația și reporniți","Sačuvaj i restartuj","Сохранить и перезапустить","Spara och starta om","Shranite konfiguracijo in znova zaženite","Uložiť a reštartovať","Kaydet ve yeniden bağlat","Зберегти та перезавантажити"
"INTL_FIRMWARE","define","Firmware version","Софтуер версия","Versão do Firmaware","固件版本","Verze firmware","Firmware","Firmware","Püsivara versioon","Versión del Firmware","Firmware-versio","Firmware","Έκδοση υλικολογισμικού","Firmver","Firmware verzió","Versione firmware","ファームウェアバージョン","Programinės įrangos versija","Firmware","Programmatūras versija","Firmware-versie","Wersja firmware","Versão do Firmware","Versiunea Firmware","Verzija firmvera","Прошивка","Firmware","Različica strojne programske opreme","Firmware verzia","Firmware sürümü","Версія мікропрограми"
"INTL_DEBUG_SETTING_TO","const","Set debug level to","Настройки дебъгването на","Ajustar configuração de Debug ","设置调试级别为","Ladění nastaveno na","Setze Debug auf","Debug-indstillinger sat til","Seadistage silumise tase","Ajustar Debug a ","Aseta debug-tasoksi","Paramètres de débogage","Ορίστε το επίπεδο εντοπισμού σφαλμάτων σε","Postavite razinu analize grešaka na","Debug beállítás ","Imposta debug su","デバッグレベルを","Nustatykite derinimo lygį į","Debug setzen op","Iestatiet atkļūdošanas līmeni uz","Debugniveau naar ","Ustawiono poziom debugowania na ","Ajustar Debug a ","Setați nivelul de depanare la","Podesi debagovanje na","Настройки отладки","Ställa in debug-läge","Nastavite raven razhroščevanja na","Ladenie nastavené na","Debug ayarı ","Зневадження: "
"INTL_NONE","define","off","изключено","nenhum","关闭","žádný","Keine","none","välja","off","off","aucun","off","isključeno","kikapcsolva","Nessuno","オフ","iš","keng","izslēgts","Uit","Brak","nenhum","off","isključeno","отключена","none","izklop","žiadny","off","вимкнено"
"INTL_ERROR","define","only errors","само грешки","erro","唯恐有误","chyba","Fehler","error","ainult vead","Error","vain virheet","erreur","μόνο σφάλματα","greške","csak hibajelzések","Errore","エラーのみ","tik klaidos","fehler","tikai kļūdas","enkel foutmeldingen","Błędy","erro","numai erori","greške","только ошибки","error","samo napake","chyba","hatalar","лише помилки"
"INTL_WARNING","define","warnings","предупреждения","aviso","警示","varování","Warnungen","warning","hoiatused","Advertencia","varoitukset","avertissement","προειδοποιήσεις","upozorenja","minden figyelmeztetés","Warning","警告","įspėjimai","warnung","brīdinājumi","waarschuwingen","Ostrzeżenia","Advertência","avertismente","upozorenja","предупреждения","warning","opozorila","varovanie","uyarılar","попередження"
"INTL_MIN_INFO","define","min. info","минимална информация","Informação minima","最小信息","min. info","min. Info","min. info","min. info","min. info","min. info","min. info","ελάχιστη πληροφορία","minimalne informacije","min. info","min. info","min.info","min. informacija","min. info","min. informācija","min. info","Min. info","min. info","min. info","min. info","минимум информации","min. info","min. informacije","min. info","min. info","мінімум інформації"
"INTL_MED_INFO","define","mid. info","средна информация","Informação média","中部信息","stř. info","mttl. Info","med. info","mid. info","mid. info","mid. info","mid. info","mid. info","srednje informacije","közep. info","med. info","mid.info","vidurio informacija","med. info","vidējā informācija","mid. info","Śr. info","mid. info","informații medii.","mid. info","среднеинформативно","med. info","sredina. info","str. info","ortalama info","помірно інформації"
"INTL_MAX_INFO","define","max. info","пълна информация","Informação maxima","最大信息量","max. info","max. Info","max. info","max. info","max. info","max. info","max. info","max. πληροφορίες","maximalne informacije","max. info","max. info","max.info","maksimali informacija","max. info","maksimālā informācija","max. info","Maks. info","max. info","max. info","max. info","максимум информации","max. info","največje informacije","max. info","maks. info","максимум інформації"
"INTL_CONFIG_DELETED","define","Configuration was deleted","Конфигурацията е изтрита","Configuração apagada","配置被删除","Konfigurace smazána","Config.json gelöscht","Config.json slettet","Konfiguratsioon kustutati","Configuración fue borrada","Konfiguraatio poistettiin","Le fichier config.json a été effacé.","Η διαμόρφωση διαγράφηκε","Konfiguracija je izbrisana","Beállítások törölve","Configurazione cancellata","設定が削除された","Konfigūracija buvo ištrinta","Config.json geläscht","Konfigurācija tika dzēsta","Configuratie is verwijderd","Usunięto konfigurację","A configuração foi apagada","Configurația a fost ștearsă","Config.json je izbrisan","Config.json удалён","Config.json borttagen","Konfiguracija je bila izbrisana","Konfigurácia zmazaná","Konfigürasyon silindi","Конфігурацію видалено"
"INTL_CONFIG_CAN_NOT_BE_DELETED","define","Configuration can not be deleted","Конфигурацията не може да бъде изтрита","Configuração não pode ser apagada","不能删除配置","Konfigurace nemohla být smazána","Config.json konnte nicht gelöscht werden","Config.json kunne ikke slettes","Konfiguratsiooni ei saa kustutada","Configuración no puede ser borrada","Konfiguraatiota ei voi poistaa","Le fichier config.json n\'a pas pu être effacé.","Η διαμόρφωση δεν μπορεί να διαγραφεί","Konfiguracija se ne može izbrisati","A beállítások törlése sikertelen.","Impossibile cancellare la configurazione","コンフィグレーションの削除ができない","Konfigūracijos negalima ištrinti","Config.json konnt net geläscht ginn","Konfigurāciju nevar dzēst","Configuratie kan niet worden verwijderd","Konfiguracja nie może zostać usunięta","A configuração pode ser apagada","Configurația nu poate fi ștearsă","Config.json se ne može izbrisati","Config.json нельзя удалить","Config.json kunde inte tas bort","Konfiguracije ni mogoče izbrisati","Konfigurácia nemohla byť zmazaná","Konfigürasyon silinemiyor","Конфігурацію не можна видалити"
"INTL_CONFIG_NOT_FOUND","define","Configuration not found","Конфигурацията не е открита","Configuração não encontrada","未找到配置","Konfigurace nenalezena","Config.json nicht gefunden","Config.json kunne ikke findes","Konfiguratsiooni ei leitud","Configuración no encontrada","Konfiguraatiota ei löydy","Le fichier config.json est introuvable.","Η διαμόρφωση δεν βρέθηκε","Konfiguracija nije pronađena","Beállítások nem találhatóak","Configurazione non trovata","コンフィグレーションが見つからない","Konfigūracija nerasta","Config.json net fonnt","Konfigurācija nav atrasta","Configuratie is niet gevonden","Nie znaleziono konfiguracji","Configuração não encontrada","Configurația nu a fost găsită","Config.json nije pronađen","Config.json не найден","Config.json kunde inte hittas","Konfiguracija ni bila najdena","Konfigurácia nenájdená","Konfigürasyon bulunamadı","Конфігурацію не знайдено"
"INTL_TIME_TO_FIRST_MEASUREMENT","const","Still {v} seconds until first measurement.","Oще {v} секунди до първото измерване.","Outros {v} segundos para a primeira medição.","距离第一次测量还有{v}秒。","Zbývá {v} sekund do prvního měření.","Noch {v} Sekunden bis zur ersten Messung.","Der går {v} sekunder før den første måling.","Ikka {v} sekundit kuni esimese mõõtmiseni.","Otros {v} segundos a la primera medición.","Vielä {v} sekuntia ensimmäiseen mittaukseen.","Encore {v} secondes avant la première mesure.","Ακόμα {v} δευτερόλεπτα μέχρι την πρώτη μέτρηση.","Još {v} sekundi do prvog mjerenja.","Még {v} másodperc van hátra az első mérésig.","Altri {v} secondi per la prima misurazione.","最初の測定までまだ{v}秒。","Dar {v} sekundžių iki pirmojo matavimo.","Nach {v} Sekonnen bis zur éischter Miessung.","Vēl {v} sekundes līdz pirmajam mērījumam.","Nog {v} seconden voor de eerste meting.","Pozostało {v} sekund do pierwszego pomiaru.","Outros {v} segundos para a primeira medição.","Încă {v} secunde până la prima măsurătoare.","Još {v} sekundi do prvog merenja.","Еще {v} секунд до первого замера.","Det är {v} sekunder kvar till första mätningen.","Še vedno {v} sekund do prve meritve.","Zostáva {v} sekúnd do prvého merania.","Still {v} ilk ölçüme kadar geçen saniye.","Ще {v} секунд до першого вимірювання"
"INTL_TIME_SINCE_LAST_MEASUREMENT","const"," seconds since last measurement."," секунди от последното измерване."," Tempo desde a última medição"," 自上次测量以来的秒数。"," sekund od posledního měření."," Sekunden seit der letzten Messung."," sekunder siden den seneste måling."," sekundit alates viimasest mõõtmisest."," segundos desde la última medición."," sekuntia edellisestä mittauksesta."," secondes écoulées depuis la dernière mesure."," δευτερόλεπτα από την τελευταία μέτρηση."," sekundi od zadnjeg mjerenja."," másodperc telt el az utolsó mérés óta."," secondi dall'ultima misurazione"," 最後の測定からの秒数"," sekundžių nuo paskutinio matavimo."," Sekonnen zanter der leschter Miessung."," sekundes kopš pēdējā mērījuma."," seconden sinds laatste meting."," sekund od ostatniego pomiaru."," segundos desde a última medida."," secunde de la ultima măsurare."," sekundi od poslednjeg merenja."," секунд после последнего замера."," sekunder sedan den senaste mätningen."," sekund od zadnje meritve."," sekúnd od posledného merania."," Son ölçümden bu yana geçen saniye."," секунд від останнього вимірювання."
"INTL_PARTICLES_PER_LITER","const","particles/liter","частици/литър","Particulas/litro","粒子升","částice/litr","Partikel/Liter","Partikler/liter","particlesliter","Partículas/litro","hiukkaslitra","particules/litre","particlesliter","čestica po litri","részecske/liter","Particelle / litro","パーティクルライタ","daleliųlitras","Partikel/Liter","daļiņu litrs","deeltjes/liter","cząsteczek/litr","Partículas/litro","particuleliter","čestica/litru","Частицы/ литр","Partiklar/liter","delciliter","častíc/liter","Ince Toz(Hava Kirliliği) / litre","часток/літр"
"INTL_PARTICULATE_MATTER","const","particulate matter","Прахови частици","Particulas finas","颗粒物","prachových částic","Feinstaub","Partikelsensor","tahked osakesed","partículas finas","hiukkaset","particules fines","σωματιδιακή ύλη","čestice","szálló por","polveri sottili","粒子状物質","kietosios dalelės","Reng Stëbspartikelen","cietās daļiņas","fijnstof","Pył zawieszony","partículas finas","pulberi în suspensie","suspendovane čestice","Датчик пыли","partikelsensor","trdni delci","prachových častíc","Ince Toz(Hava Kirliliği)","Вимірювач дрібних часток"
"INTL_TEMPERATURE","const","temperature","Температура","Temperatura","温度","teplota","Temperatur","Temperatur","temperatuur","Temperatura","lämpötila","Température","θερμοκρασία","temperatura","hőmérséklet","Temperatura","温度","temperatūra","Temperatur","temperatūra","Temperatuur","Temperatura","Temperatura","temperatură","temperatura","Температура","Temperatur","temperatura","teplota","sıcaklık","температура"
"INTL_HUMIDITY","const","humidity","Влажност на въздуха","Humidade","湿度","rel. vlhkost","rel. Luftfeuchte","Rel. Fugtighed","niiskus","Humedad","kosteus","Humidité relative","υγρασία","vlažnost","relatív páratartalom","Umidità","湿度","drėgmė","rel. Loftfiichtegkeet","mitrums","Rel. luchtvochtigheid","Wilgotność","Humidade","umiditate","vlažnost","Относительная влажность","rel. fuktighet","vlažnost","rel. vlhkosť","nem","вологість"
"INTL_PRESSURE","const","air pressure","Атмосферно налягане","Pessão atmosférica","气压","tlak vzduchu","Luftdruck","Lufttryk","õhurõhk","Presión atmosférica","ilmanpaine","Pression atmosphérique","πίεση του αέρα","tlak zraka","légnyomás","Pressione dell'aria","空気圧","oro slėgis","Loftdrock","gaisa spiediens","Luchtdruk","Ciśnienie","Pressão atmosférica","presiunea aerului","vazdušni pritisak","Давление воздуха","Lufttryck","zračni tlak","tlak vzduchu","hava basıncı","атмосферний тиск"
"INTL_DEW_POINT","const","dew point","Точка на оросяване","[[dew_point]]","[[dew_point]]","rosný bod","Taupunkt","Dugpunkt","[[dew_point]]","Punto de rocío","[[dew_point]]","Point de rosée","[[dew_point]]","točka rosišta","[[dew_point]]","Punto di rugiada","[[dew_point]]","[[dew_point]]","[[dew_point]]","[[dew_point]]","Dauwpunt","Punkt rosy","[[dew_point]]","[[dew_point]]","[[dew_point]]","Точка росы","Daggpunkt","[[dew_point]]","[[dew_point]]","İşbâ","точка роси"
"INTL_CO2_PPM","const","ppm CO₂","ppm CO₂","ppm CO₂","ppm CO₂","ppm CO₂","ppm CO₂","ppm CO₂","ppm CO₂","ppm CO₂","ppm CO₂","ppm CO₂","ppm CO₂","ppm CO₂","ppm CO₂","ppm CO₂","ppm CO₂","ppm CO₂","ppm CO₂","ppm CO₂","ppm CO₂","ppm CO₂","ppm CO₂","ppm CO₂","ppm CO₂","ppm CO₂","ppm CO₂","ppm CO₂","ppm CO₂","ppm CO₂","ppm CO₂"
"INTL_LEQ_A","const","LAeq","LAeq","LAeq","LAeq","LAeq","LAeq","LAeq","LAeq","LAeq","LAeq","LAeq","LAeq","LAeq","LAeq","LAeq","LAeq","LAeq","LAeq","LAeq","LAeq","LAeq","LAeq","LAeq","LAeq","LAeq","LAeq","LAeq","LAeq","LAeq","LAeq"
"INTL_LA_MIN","const","LA min","LA min","LA min","LA min","LA min","LA min","LA min","LA min","LA min","LA min","LA min","LA min","LA min","LA min","LA min","L.A.分","LA min.","LA min","LA min","LA min","LA min","LA min","LA min","LA min","LA min","LA min","LA min","LA min","LA min","LA min"
"INTL_LA_MAX","const","LA max","LA max","LA max","LA最大","LA max","LA max","LA max","LA max","LA max","LA max","LA max","LA max","LA max","LA max","LA max","LA最大","LA max","LA max","LA max","LA max","LA max","LA max","LA max","LA max","LA max","LA max","LA max","LA max","LA max","LA max"
"INTL_LATITUDE","const","Latitude","Географска ширина","Latitude","纬度","Zem. šířka","Breite","Breddegrad","Laiuskraad","Latitud","Leveysaste","Latitude","Γεωγραφικό πλάτος","Zemljopisna širina","Földrajzi szélesség","Latitudine","緯度","Platuma","Breedegrad","Platums","Breedtegraad","Szerokość geo.","Latitude","Latitudine","Geografska širina","Широта","Latitud","Zemljepisna širina","Zem. šírka","Enlem","Широта"
"INTL_LONGITUDE","const","Longitude","Географска дължина","Longitude","经度","Zem. délka","Länge","Længdegrad","Pikkuskraad","Longitud","Pituusaste","Longitude","Γεωγραφικό μήκος","Zemljopisna dužina","Földrajzi hosszúság","Longitudine","経度","Ilguma","Längtegrad","Ģeogrāfiskais garums","Lengtegraad","Długość geo.","Longitude","Longitudine","Geografska dužina","Долгота","Longitud","Zemljepisna dolžina","Zem. dĺžka","Boylam","Довгота"
"INTL_ALTITUDE","const","Altitude","Надморска височина","Altitude","海拔","Nadm. výška","Höhe","Højde","Kõrgus","Altitud","Korkeus","Altitude","Υψόμετρο","Nadmorska visina","Tengerszint feletti magasság","Altitudine","高度","Aukštis","Héicht","Augstums","Hoogte","Wysokość","Altitude","Altitudine","Nadmorska visina","Высота","Altitud","Nadmorska višina","Nadm. výška","Rakım","Висота"
"INTL_TIME_UTC","const","Time (UTC)","Дата (UTC)","Hora (UTC)","时间(UTC)","Čas (UTC)","Zeit (UTC)","Tid (UTC)","Kellaaeg (UTC)","Tiempo (UTC)","Aika (UTC)","Heure (UTC)","Ώρα (UTC)","Vrijeme (UTC)","Idő","Ora (UTC)","時間(UTC)","Laikas (UTC)","Zäit (UTC)","Laiks (UTC)","Tijd (UTC)","Czas (UTC)","Hora (UTC)","Ora (UTC)","Vreme (UTC)","Время (UTC)","Tid (UTC)","Čas (UTC)","Čas (UTC)","zaman (UTC)","Час (UTC)"
"INTL_SIGNAL_STRENGTH","const","signal strength","Сила на сигнала","Intensidade do Sinal","信号强度","Síla signálu","Signal","Signal","signaali tugevus","Intensidad de Señal","signaalin voimakkuus","Force du signal","ισχύς του σήματος","jačina signala","Jelerősség","Potenza del segnale","信号強度","signalo stiprumas","Signal","signāla stiprums","Signaalsterkte","Siła sygnału","Intensidade do Sinal","puterea semnalului","jačina signala","Сигнал","Signal","moč signala","sila signálu","sinyal gücü","потужність сигналу"
"INTL_SIGNAL_QUALITY","const","signal quality","Качество на сигнала","Qualidade do Sinal","信号质量","Kvalita signálu","Qualität","Kvalitet","signaali kvaliteet","Calidad de Señal","signaalin laatu","Qualité du signal","ποιότητα σήματος","kvaliteta signala","Jelminőség","Qualità del segnale","信号品質","signalo kokybė","Qualitéit","signāla kvalitāte","Signaalkwaliteit","Jakość sygnału","Qualidade do Sinal","calitatea semnalului","kvalitet signala","Качество","Kvalitet","kakovost signala","kvalita signálu","sinyal kalitesi","якість сигналу"
"INTL_NUMBER_OF_MEASUREMENTS","define","Number of measurements","Брой измервания","Quantidade de medições","测量数量","Počet měření","Anzahl Messungen","Antal målinger","Mõõtmiste arv","Numero de mediciones","Mittausten lukumäärä","Nombre de mesures","Αριθμός μετρήσεων","Broj mjerenja","Mérések száma:","Numero di misurazioni","測定回数","Matavimų skaičius","Zuel vu Mesuren","Mērījumu skaits","Aantal metingen","Liczba pomiarów","Quantidade de medições","Număr de măsurători","Broj merenja","Количество измерений","Antal mätningar","Število meritev","Počet meraní","Ölçümlerin sayısı","Кількість вимірювань"
"INTL_TIME_SENDING_MS","define","Time spent uploading","Време, прекарано в изпращане","Duração de transmissão de medições","上传时间","Doba nahrávání","Dauer Messübertragung","Tid brugt på afsendelse","Üleslaadimisele kuluv aeg","Tiempo empleado para enviar","Lataamiseen käytetty aika","Durée de la transmission des mesures","Χρόνος μεταφόρτωσης","Vrijeme utrošeno na slanje podataka","Feltöltéssel töltött idő:","Tempo impiegato per l'invio","アップロードにかかった時間","Įkėlimo laikas","Dauer vu Mesureniwerdroung","Laiks, kas pavadīts, augšupielādējot","Tijdsduur opsturen metingen","Czas spędzony na wysyłce","Duração da transmissão das medições","Timp petrecut la încărcare","Vreme utrošeno za slanje","Время, потраченное на отправку","Tid som skickas i att skicka","Čas, porabljen za nalaganje","Trvanie odosielania dát","Göndermede harcanan süre","Час, витрачений на відправлення"
"INTL_SENSOR","define","Sensor","Сензор","Sensor","传感器","Senzor","Sensor","Sensor","Andur","Sensor","Anturi","Capteur","Αισθητήρας","Senzor","Szenzor","Sensore","センサー","Jutiklis","Sensor","Sensors","Sensor","Czujnik","Sensor","Senzor","Senzor","Датчик","Sensor","Senzor","Senzor","algılayıcı(Sensör)","Сенсор"
"INTL_PARAMETER","define","Parameter","Параметър","Parâmetro","参数","Parametr","Parameter","Parameter","Parameeter","Parámetro","Parametri","Paramètres","Παράμετρος","Parametar","Paraméter","Parametro","パラメータ","Parametras","Parameter","Parametrs","Parameter","Parametr","Parâmetro","Parametru","Parametar","Параметр","Parameter","Parameter","Parameter","Parametre","Параметр"
"INTL_VALUE","define","Value","Стойност","Valor","价值","Hodnota","Wert","Værdi","Väärtus","Valor","Arvo","Valeur","Αξία","Vrijednost","Érték","Valore","価値","Vertė","Wäert","Vērtība","Waarde","Wartość","Valor","Valoare","Vrednost","Значение","Värde","Vrednost","Hodnota","değer","Значення"
